URL,ISIN,Company + Kupon and Maturity,Company,Kupon_Maturity,Coupon,Maturity_Start,Maturity_End
https://www.boerse-frankfurt.de/anleihe/xs2694874533-volkswagen-leasing-gmbh-4-75-23-31,xs2694874533,#NAME?,volkswagen-leasing-gmbh,4-75-23-31,4.75,23,31
https://www.boerse-frankfurt.de/anleihe/xs1702729275-e-on-international-finance-b-v-1-25-17-27,xs1702729275,#NAME?,e-on-international-finance-b-v,1-25-17-27,1.25,17,27
https://www.boerse-frankfurt.de/anleihe/xs2482887879-rwe-ag-2-75-22-30,xs2482887879,#NAME?,rwe-ag,2-75-22-30,2.75,22,30
https://www.boerse-frankfurt.de/anleihe/de000a3lh6t7-mercedes-benz-international-finance-b-v-3-5-23-26,de000a3lh6t7,#NAME?,mercedes-benz-international-finance-b-v,3-5-23-26,3.5,23,26
https://www.boerse-frankfurt.de/anleihe/xs2694872594-volkswagen-leasing-gmbh-4-625-23-29,xs2694872594,#NAME?,volkswagen-leasing-gmbh,4-625-23-29,4.625,23,29
https://www.boerse-frankfurt.de/anleihe/xs2482936247-rwe-ag-2-125-22-26,xs2482936247,#NAME?,rwe-ag,2-125-22-26,2.125,22,26
https://www.boerse-frankfurt.de/anleihe/xs2181689659-ungarn-republik-1-75-20-35,xs2181689659,#NAME?,ungarn-republik,1-75-20-35,1.75,20,35
https://www.boerse-frankfurt.de/anleihe/xs2498154207-kreditanstalt-fuer-wiederaufbau-2-22-29,xs2498154207,#NAME?,kreditanstalt-fuer-wiederaufbau,2-22-29,2,22,29
https://www.boerse-frankfurt.de/anleihe/xs2584685387-rwe-ag-4-125-23-35,xs2584685387,#NAME?,rwe-ag,4-125-23-35,4.125,23,35
https://www.boerse-frankfurt.de/anleihe/xs2152899584-e-on-se-1-20-25,xs2152899584,#NAME?,e-on-se,1-20-25,1,20,25
https://www.boerse-frankfurt.de/anleihe/xs2673536541-e-on-se-3-75-23-29,xs2673536541,#NAME?,e-on-se,3-75-23-29,3.75,23,29
https://www.boerse-frankfurt.de/anleihe/xs2288097640-international-bank-for-reconstruction-and-development-5-21-26,xs2288097640,#NAME?,international-bank-for-reconstruction-and-development,5-21-26,5,21,26
https://www.boerse-frankfurt.de/anleihe/xs2338004497-european-investment-bank-eib-1-25-21-27,xs2338004497,#NAME?,european-investment-bank-eib,1-25-21-27,1.25,21,27
https://www.boerse-frankfurt.de/anleihe/au3cb0258739-international-bank-for-reconstruction-and-development-2-9-18-25,au3cb0258739,#NAME?,international-bank-for-reconstruction-and-development,2-9-18-25,2.9,18,25
https://www.boerse-frankfurt.de/anleihe/au3cb0295764-european-investment-bank-eib-4-75-23-33,au3cb0295764,#NAME?,european-investment-bank-eib,4-75-23-33,4.75,23,33
https://www.boerse-frankfurt.de/anleihe/be6332786449-vgp-n-v-1-625-22-27,be6332786449,#NAME?,vgp-n-v,1-625-22-27,1.625,22,27
https://www.boerse-frankfurt.de/anleihe/ca45950kde79-international-finance-corp-4-5-23-26,ca45950kde79,#NAME?,international-finance-corp,4-5-23-26,4.5,23,26
https://www.boerse-frankfurt.de/anleihe/ca748148rx35-quebec-provinz-2-6-18-25,ca748148rx35,#NAME?,quebec-provinz,2-6-18-25,2.6,18,25
https://www.boerse-frankfurt.de/anleihe/de000a289dc9-basf-se-0-25-20-27,de000a289dc9,#NAME?,basf-se,0-25-20-27,0.25,20,27
https://www.boerse-frankfurt.de/anleihe/de000a3h25p4-deutsche-wohnen-se-0-5-21-31,de000a3h25p4,#NAME?,deutsche-wohnen-se,0-5-21-31,0.5,21,31
https://www.boerse-frankfurt.de/anleihe/de000a3h25q2-deutsche-wohnen-se-1-3-21-41,de000a3h25q2,#NAME?,deutsche-wohnen-se,1-3-21-41,1.3,21,41
https://www.boerse-frankfurt.de/anleihe/de000a3mqs72-vonovia-se-2-375-22-32,de000a3mqs72,#NAME?,vonovia-se,2-375-22-32,2.375,22,32
https://www.boerse-frankfurt.de/anleihe/de000cb0hrq9-commerzbank-ag-0-75-20-26,de000cb0hrq9,#NAME?,commerzbank-ag,0-75-20-26,0.75,20,26
https://www.boerse-frankfurt.de/anleihe/de000cz45w57-commerzbank-ag-3-22-27,de000cz45w57,#NAME?,commerzbank-ag,3-22-27,3,22,27
https://www.boerse-frankfurt.de/anleihe/de000lb2v7c3-landesbank-baden-wuerttemberg-0-25-21-28,de000lb2v7c3,#NAME?,landesbank-baden-wuerttemberg,0-25-21-28,0.25,21,28
https://www.boerse-frankfurt.de/anleihe/de000nwb0ac0-nrw-bank-0-875-15-25,de000nwb0ac0,#NAME?,nrw-bank,0-875-15-25,0.875,15,25
https://www.boerse-frankfurt.de/anleihe/de000nwb0ad8-nrw-bank-0-375-16-26,de000nwb0ad8,#NAME?,nrw-bank,0-375-16-26,0.375,16,26
https://www.boerse-frankfurt.de/anleihe/de000nwb0ae6-nrw-bank-0-5-17-27,de000nwb0ae6,#NAME?,nrw-bank,0-5-17-27,0.5,17,27
https://www.boerse-frankfurt.de/anleihe/de000nwb0af3-nrw-bank-0-75-18-28,de000nwb0af3,#NAME?,nrw-bank,0-75-18-28,0.75,18,28
https://www.boerse-frankfurt.de/anleihe/de000nwb0ag1-nrw-bank-0-625-19-29,de000nwb0ag1,#NAME?,nrw-bank,0-625-19-29,0.625,19,29
https://www.boerse-frankfurt.de/anleihe/de000nwb0ah9-nrw-bank-0-000-19-29,de000nwb0ah9,#NAME?,nrw-bank,0-000-19-29,0,19,29
https://www.boerse-frankfurt.de/anleihe/de000nwb0aj5-nrw-bank-0-000-20-30,de000nwb0aj5,#NAME?,nrw-bank,0-000-20-30,0,20,30
https://www.boerse-frankfurt.de/anleihe/de000nwb0al1-nrw-bank-0-000-21-31,de000nwb0al1,#NAME?,nrw-bank,0-000-21-31,0,21,31
https://www.boerse-frankfurt.de/anleihe/de000nwb0an7-nrw-bank-0-000-21-31,de000nwb0an7,#NAME?,nrw-bank,0-000-21-31,0,21,31
https://www.boerse-frankfurt.de/anleihe/de000nwb0aq0-nrw-bank-0-25-22-32,de000nwb0aq0,#NAME?,nrw-bank,0-25-22-32,0.25,22,32
https://www.boerse-frankfurt.de/anleihe/de000nwb0ar8-nrw-bank-1-625-22-32,de000nwb0ar8,#NAME?,nrw-bank,1-625-22-32,1.625,22,32
https://www.boerse-frankfurt.de/anleihe/de000nwb0au2-nrw-bank-3-23-30,de000nwb0au2,#NAME?,nrw-bank,3-23-30,3,23,30
https://www.boerse-frankfurt.de/anleihe/fr0014003n69-air-liquide-finance-s-a-0-375-21-31,fr0014003n69,#NAME?,air-liquide-finance-s-a,0-375-21-31,0.375,21,31
https://www.boerse-frankfurt.de/anleihe/no0012837030-scatec-asa-11-29-23-27,no0012837030,#NAME?,scatec-asa,11-29-23-27,11.29,23,27
https://www.boerse-frankfurt.de/anleihe/us045167dr18-asian-development-bank-adb-1-75-16-26,us045167dr18,#NAME?,asian-development-bank-adb,1-75-16-26,1.75,16,26
https://www.boerse-frankfurt.de/anleihe/us45905u6l39-international-bank-for-reconstruction-and-development-3-125-18-25,us45905u6l39,#NAME?,international-bank-for-reconstruction-and-development,3-125-18-25,3.125,18,25
https://www.boerse-frankfurt.de/anleihe/usa35155ab50-klabin-austria-gmbh-7-19-49,usa35155ab50,#NAME?,klabin-austria-gmbh,7-19-49,7,19,49
https://www.boerse-frankfurt.de/anleihe/usa9890aaa81-suzano-austria-gmbh-5-75-16-26,usa9890aaa81,#NAME?,suzano-austria-gmbh,5-75-16-26,5.75,16,26
https://www.boerse-frankfurt.de/anleihe/xs1233786950-international-bank-for-reconstruction-and-development-5-25-15-25,xs1233786950,#NAME?,international-bank-for-reconstruction-and-development,5-25-15-25,5.25,15,25
https://www.boerse-frankfurt.de/anleihe/xs1619643015-merlin-properties-socimi-s-a-1-75-17-25,xs1619643015,#NAME?,merlin-properties-socimi-s-a,1-75-17-25,1.75,17,25
https://www.boerse-frankfurt.de/anleihe/xs1766612672-polen-republik-1-125-18-26,xs1766612672,#NAME?,polen-republik,1-125-18-26,1.125,18,26
https://www.boerse-frankfurt.de/anleihe/xs1811852109-european-investment-bank-eib-2-875-18-25,xs1811852109,#NAME?,european-investment-bank-eib,2-875-18-25,2.875,18,25
https://www.boerse-frankfurt.de/anleihe/xs1847692636-iberdrola-finanzas-s-a-1-25-18-26,xs1847692636,#NAME?,iberdrola-finanzas-s-a,1-25-18-26,1.25,18,26
https://www.boerse-frankfurt.de/anleihe/xs1897340854-kreditanstalt-fuer-wiederaufbau-0-5-18-26,xs1897340854,#NAME?,kreditanstalt-fuer-wiederaufbau,0-5-18-26,0.5,18,26
https://www.boerse-frankfurt.de/anleihe/xs1901055472-enbw-international-finance-b-v-1-875-18-33,xs1901055472,#NAME?,enbw-international-finance-b-v,1-875-18-33,1.875,18,33
https://www.boerse-frankfurt.de/anleihe/xs2020608548-hera-s-p-a-0-875-19-27,xs2020608548,#NAME?,hera-s-p-a,0-875-19-27,0.875,19,27
https://www.boerse-frankfurt.de/anleihe/xs2026150313-a2a-s-p-a-1-19-29,xs2026150313,#NAME?,a2a-s-p-a,1-19-29,1,19,29
https://www.boerse-frankfurt.de/anleihe/xs2066569489-asian-development-bank-adb-0-625-19-26,xs2066569489,#NAME?,asian-development-bank-adb,0-625-19-26,0.625,19,26
https://www.boerse-frankfurt.de/anleihe/xs2068071641-asian-development-bank-adb-0-000-19-29,xs2068071641,#NAME?,asian-development-bank-adb,0-000-19-29,0,19,29
https://www.boerse-frankfurt.de/anleihe/xs2171713006-eurogrid-gmbh-1-113-20-32,xs2171713006,#NAME?,eurogrid-gmbh,1-113-20-32,1.113,20,32
https://www.boerse-frankfurt.de/anleihe/xs2189921294-international-bank-for-reconstruction-and-development-4-20-25,xs2189921294,#NAME?,international-bank-for-reconstruction-and-development,4-20-25,4,20,25
https://www.boerse-frankfurt.de/anleihe/xs2194790262-european-investment-bank-eib-0-01-20-35,xs2194790262,#NAME?,european-investment-bank-eib,0-01-20-35,0.01,20,35
https://www.boerse-frankfurt.de/anleihe/xs2233120554-landwirtschaftliche-rentenbank-0-000-20-27,xs2233120554,#NAME?,landwirtschaftliche-rentenbank,0-000-20-27,0,20,27
https://www.boerse-frankfurt.de/anleihe/xs2250026734-instituto-de-credito-oficial-0-000-20-26,xs2250026734,#NAME?,instituto-de-credito-oficial,0-000-20-26,0,20,26
https://www.boerse-frankfurt.de/anleihe/xs2265360359-stora-enso-oyj-0-625-20-30,xs2265360359,#NAME?,stora-enso-oyj,0-625-20-30,0.625,20,30
https://www.boerse-frankfurt.de/anleihe/xs2285181074-international-bank-for-reconstruction-and-development-5-75-21-28,xs2285181074,#NAME?,international-bank-for-reconstruction-and-development,5-75-21-28,5.75,21,28
https://www.boerse-frankfurt.de/anleihe/xs2288097053-international-bank-for-reconstruction-and-development-4-5-21-26,xs2288097053,#NAME?,international-bank-for-reconstruction-and-development,4-5-21-26,4.5,21,26
https://www.boerse-frankfurt.de/anleihe/xs2293681685-orsted-a-s-2-5,xs2293681685,#NAME?,orsted-a-s,,2.5,21,#N/A
https://www.boerse-frankfurt.de/anleihe/xs2297900990-international-bank-for-reconstruction-and-development-12-25-21-26,xs2297900990,#NAME?,international-bank-for-reconstruction-and-development,12-25-21-26,12.25,21,26
https://www.boerse-frankfurt.de/anleihe/xs2314312179-axa-s-a-1-375-21-41,xs2314312179,#NAME?,axa-s-a,1-375-21-41,1.375,21,41
https://www.boerse-frankfurt.de/anleihe/xs2314657409-prologis-international-funding-ii-s-a-0-75-21-33,xs2314657409,#NAME?,prologis-international-funding-ii-s-a,0-75-21-33,0.75,21,33
https://www.boerse-frankfurt.de/anleihe/xs2320545499-european-investment-bank-eib-0-25-21-26,xs2320545499,#NAME?,european-investment-bank-eib,0-25-21-26,0.25,21,26
https://www.boerse-frankfurt.de/anleihe/xs2327420977-e-on-se-0-6-21-32,xs2327420977,#NAME?,e-on-se,0-6-21-32,0.6,21,32
https://www.boerse-frankfurt.de/anleihe/xs2338564870-zf-finance-gmbh-2-21-27,xs2338564870,#NAME?,zf-finance-gmbh,2-21-27,2,21,27
https://www.boerse-frankfurt.de/anleihe/xs2346124410-landesbank-hessen-thueringen-girozentrale-0-375-21-29,xs2346124410,#NAME?,landesbank-hessen-thueringen-girozentrale,0-375-21-29,0.375,21,29
https://www.boerse-frankfurt.de/anleihe/xs2354685575-eew-energy-from-waste-gmbh-0-361-21-26,xs2354685575,#NAME?,eew-energy-from-waste-gmbh,0-361-21-26,0.361,21,26
https://www.boerse-frankfurt.de/anleihe/xs2356409966-eurofima-europaeische-gesellschaft-fuer-die-finanzierung-von-eisen-0-01-21-28,xs2356409966,#NAME?,eurofima-europaeische-gesellschaft-fuer-die-finanzierung-von-eisen,0-01-21-28,0.01,21,28
https://www.boerse-frankfurt.de/anleihe/xs2357205587-terna-rete-elettrica-nazionale-s-p-a-0-375-21-29,xs2357205587,#NAME?,terna-rete-elettrica-nazionale-s-p-a,0-375-21-29,0.375,21,29
https://www.boerse-frankfurt.de/anleihe/xs2381043350-industrial-commercial-bank-of-china-asia-ltd-1-625-21-26,xs2381043350,#NAME?,industrial-commercial-bank-of-china-asia-ltd,1-625-21-26,1.625,21,26
https://www.boerse-frankfurt.de/anleihe/xs2384373341-power-finance-corp-ltd-1-841-21-28,xs2384373341,#NAME?,power-finance-corp-ltd,1-841-21-28,1.841,21,28
https://www.boerse-frankfurt.de/anleihe/xs2399851901-zf-finance-gmbh-2-25-21-28,xs2399851901,#NAME?,zf-finance-gmbh,2-25-21-28,2.25,21,28
https://www.boerse-frankfurt.de/anleihe/xs2433244246-e-on-se-0-875-22-34,xs2433244246,#NAME?,e-on-se,0-875-22-34,0.875,22,34
https://www.boerse-frankfurt.de/anleihe/xs2454874285-de-volksbank-n-v-7,xs2454874285,#NAME?,de-volksbank-n-v-7,,7,22,#N/A
https://www.boerse-frankfurt.de/anleihe/xs2455983861-iberdrola-finanzas-s-a-1-375-22-32,xs2455983861,#NAME?,iberdrola-finanzas-s-a,1-375-22-32,1.375,22,32
https://www.boerse-frankfurt.de/anleihe/xs2456247787-basf-se-1-5-22-31,xs2456247787,#NAME?,basf-se,1-5-22-31,1.5,22,31
https://www.boerse-frankfurt.de/anleihe/xs2463518998-e-on-se-1-625-22-31,xs2463518998,#NAME?,e-on-se,1-625-22-31,1.625,22,31
https://www.boerse-frankfurt.de/anleihe/xs2475958059-koninklijke-philips-n-v-2-125-22-29,xs2475958059,#NAME?,koninklijke-philips-n-v,2-125-22-29,2.125,22,29
https://www.boerse-frankfurt.de/anleihe/xs2489343793-kommunekredit-1-5-22-29,xs2489343793,#NAME?,kommunekredit,1-5-22-29,1.5,22,29
https://www.boerse-frankfurt.de/anleihe/xs2525157470-landesbank-hessen-thueringen-girozentrale-2-625-22-27,xs2525157470,#NAME?,landesbank-hessen-thueringen-girozentrale,2-625-22-27,2.625,22,27
https://www.boerse-frankfurt.de/anleihe/xs2528323780-mizuho-financial-group-inc-3-49-22-27,xs2528323780,#NAME?,mizuho-financial-group-inc,3-49-22-27,3.49,22,27
https://www.boerse-frankfurt.de/anleihe/xs2532247892-skf-ab-3-125-22-28,xs2532247892,#NAME?,skf-ab,3-125-22-28,3.125,22,28
https://www.boerse-frankfurt.de/anleihe/xs2554487905-volkswagen-international-finance-n-v-4-125-22-25,xs2554487905,#NAME?,volkswagen-international-finance-n-v,4-125-22-25,4.125,22,25
https://www.boerse-frankfurt.de/anleihe/xs2554489513-volkswagen-international-finance-n-v-4-375-22-30,xs2554489513,#NAME?,volkswagen-international-finance-n-v,4-375-22-30,4.375,22,30
https://www.boerse-frankfurt.de/anleihe/xs2558916693-iberdrola-finanzas-s-a-3-125-22-28,xs2558916693,#NAME?,iberdrola-finanzas-s-a,3-125-22-28,3.125,22,28
https://www.boerse-frankfurt.de/anleihe/xs2574382797-european-investment-bank-eib-9-25-23-33,xs2574382797,#NAME?,european-investment-bank-eib,9-25-23-33,9.25,23,33
https://www.boerse-frankfurt.de/anleihe/xs2579319513-sparebank-1-sor-norge-asa-3-75-23-27,xs2579319513,#NAME?,sparebank-1-sor-norge-asa,3-75-23-27,3.75,23,27
https://www.boerse-frankfurt.de/anleihe/xs2587298204-european-investment-bank-eib-2-75-23-28,xs2587298204,#NAME?,european-investment-bank-eib,2-75-23-28,2.75,23,28
https://www.boerse-frankfurt.de/anleihe/xs2591029876-orsted-a-s-3-75-23-30,xs2591029876,#NAME?,orsted-a-s,3-75-23-30,3.75,23,30
https://www.boerse-frankfurt.de/anleihe/xs2601458602-siemens-energy-finance-b-v-4-23-26,xs2601458602,#NAME?,siemens-energy-finance-b-v,4-23-26,4,23,26
https://www.boerse-frankfurt.de/anleihe/xs2604699327-volkswagen-international-finance-n-v-4-25-23-29,xs2604699327,#NAME?,volkswagen-international-finance-n-v,4-25-23-29,4.25,23,29
https://www.boerse-frankfurt.de/anleihe/xs2626288760-kreditanstalt-fuer-wiederaufbau-2-75-23-30,xs2626288760,#NAME?,kreditanstalt-fuer-wiederaufbau,2-75-23-30,2.75,23,30
https://www.boerse-frankfurt.de/anleihe/xs2637445276-unicredit-bank-czech-republic-and-slovakia-a-s-3-75-23-28,xs2637445276,#NAME?,unicredit-bank-czech-republic-and-slovakia-a-s,3-75-23-28,3.75,23,28
https://www.boerse-frankfurt.de/anleihe/xs2654098222-ds-smith-plc-4-5-23-30,xs2654098222,#NAME?,ds-smith-plc,4-5-23-30,4.5,23,30
https://www.boerse-frankfurt.de/anleihe/xs2671251127-sparebank-1-sor-norge-asa-4-875-23-28,xs2671251127,#NAME?,sparebank-1-sor-norge-asa,4-875-23-28,4.875,23,28
https://www.boerse-frankfurt.de/anleihe/xs2672418055-mizuho-financial-group-inc-4-608-23-30,xs2672418055,#NAME?,mizuho-financial-group-inc,4-608-23-30,4.608,23,30
https://www.boerse-frankfurt.de/anleihe/de000a3514e6-amprion-gmbh-3-875-23-28,de000a3514e6,#NAME?,amprion-gmbh,3-875-23-28,3.875,23,28
https://www.boerse-frankfurt.de/anleihe/de000a3514f3-amprion-gmbh-4-125-23-34,de000a3514f3,#NAME?,amprion-gmbh,4-125-23-34,4.125,23,34
https://www.boerse-frankfurt.de/anleihe/de000a3h3jm4-mercedes-benz-group-ag-0-75-21-33,de000a3h3jm4,#NAME?,mercedes-benz-group-ag,0-75-21-33,0.75,21,33
https://www.boerse-frankfurt.de/anleihe/de000bhy0gd1-berlin-hyp-ag-0-01-20-28,de000bhy0gd1,#NAME?,berlin-hyp-ag,0-01-20-28,0.01,20,28
https://www.boerse-frankfurt.de/anleihe/de000bhy0ge9-berlin-hyp-ag-0-01-21-28,de000bhy0ge9,#NAME?,berlin-hyp-ag,0-01-21-28,0.01,21,28
https://www.boerse-frankfurt.de/anleihe/de000bhy0gk6-berlin-hyp-ag-1-25-22-25,de000bhy0gk6,#NAME?,berlin-hyp-ag,1-25-22-25,1.25,22,25
https://www.boerse-frankfurt.de/anleihe/de000bhy0gm2-berlin-hyp-ag-3-23-33,de000bhy0gm2,#NAME?,berlin-hyp-ag,3-23-33,3,23,33
https://www.boerse-frankfurt.de/anleihe/de000bhy0gn0-berlin-hyp-ag-0-375-22-27,de000bhy0gn0,#NAME?,berlin-hyp-ag,0-375-22-27,0.375,22,27
https://www.boerse-frankfurt.de/anleihe/de000bhy0gt7-berlin-hyp-ag-2-875-23-30,de000bhy0gt7,#NAME?,berlin-hyp-ag,2-875-23-30,2.875,23,30
https://www.boerse-frankfurt.de/anleihe/de000bhy0gx9-berlin-hyp-ag-0-01-20-30,de000bhy0gx9,#NAME?,berlin-hyp-ag,0-01-20-30,0.01,20,30
https://www.boerse-frankfurt.de/anleihe/de000cz439b6-commerzbank-ag-5-25-23-29,de000cz439b6,#NAME?,commerzbank-ag,5-25-23-29,5.25,23,29
https://www.boerse-frankfurt.de/anleihe/de000dfk0rn3-dz-bank-ag-deutsche-zentral-genossenschaftsbank-frankfurt-am-main-0-4-21-28,de000dfk0rn3,#NAME?,dz-bank-ag-deutsche-zentral-genossenschaftsbank-frankfurt-am-main,0-4-21-28,0.4,21,28
https://www.boerse-frankfurt.de/anleihe/de000dl19vd6-deutsche-bank-ag-1-375-20-26,de000dl19vd6,#NAME?,deutsche-bank-ag,1-375-20-26,1.375,20,26
https://www.boerse-frankfurt.de/anleihe/es0415306093-caja-rural-de-navarra-sociedad-cooperativa-de-credito-0-75-22-29,es0415306093,#NAME?,caja-rural-de-navarra-sociedad-cooperativa-de-credito,0-75-22-29,0.75,22,29
https://www.boerse-frankfurt.de/anleihe/fr0013459757-caisse-francaise-de-financement-local-0-1-19-29,fr0013459757,#NAME?,caisse-francaise-de-financement-local,0-1-19-29,0.1,19,29
https://www.boerse-frankfurt.de/anleihe/ptcgdnom0026-caixa-geral-de-depositos-s-a-2-875-22-26,ptcgdnom0026,#NAME?,caixa-geral-de-depositos-s-a,2-875-22-26,2.875,22,26
https://www.boerse-frankfurt.de/anleihe/us045167ec30-asian-development-bank-adb-2-375-17-27,us045167ec30,#NAME?,asian-development-bank-adb,2-375-17-27,2.375,17,27
https://www.boerse-frankfurt.de/anleihe/us045167ej82-asian-development-bank-adb-3-125-18-28,us045167ej82,#NAME?,asian-development-bank-adb,3-125-18-28,3.125,18,28
https://www.boerse-frankfurt.de/anleihe/us05971bag41-banco-btg-pactual-s-a-2-75-21-26,us05971bag41,#NAME?,banco-btg-pactual-s-a,2-75-21-26,2.75,21,26
https://www.boerse-frankfurt.de/anleihe/us168863dl94-chile-republik-3-5-19-50,us168863dl94,#NAME?,chile-republik,3-5-19-50,3.5,19,50
https://www.boerse-frankfurt.de/anleihe/us500769jd71-kreditanstalt-fuer-wiederaufbau-1-75-19-29,us500769jd71,#NAME?,kreditanstalt-fuer-wiederaufbau,1-75-19-29,1.75,19,29
https://www.boerse-frankfurt.de/anleihe/us500769jg03-kreditanstalt-fuer-wiederaufbau-0-75-20-30,us500769jg03,#NAME?,kreditanstalt-fuer-wiederaufbau,0-75-20-30,0.75,20,30
https://www.boerse-frankfurt.de/anleihe/us500769jl97-kreditanstalt-fuer-wiederaufbau-0-75-21-26,us500769jl97,#NAME?,kreditanstalt-fuer-wiederaufbau,0-75-21-26,0.75,21,26
https://www.boerse-frankfurt.de/anleihe/usg4923nab40-investment-energy-resources-ltd-6-25-21-29,usg4923nab40,#NAME?,investment-energy-resources-ltd,6-25-21-29,6.25,21,29
https://www.boerse-frankfurt.de/anleihe/xs1386139841-nederlandse-waterschapsbank-n-v-2-375-16-26,xs1386139841,#NAME?,nederlandse-waterschapsbank-n-v,2-375-16-26,2.375,16,26
https://www.boerse-frankfurt.de/anleihe/xs1398476793-iberdrola-international-b-v-1-125-16-26,xs1398476793,#NAME?,iberdrola-international-b-v,1-125-16-26,1.125,16,26
https://www.boerse-frankfurt.de/anleihe/xs1490726590-iberdrola-international-b-v-0-375-16-25,xs1490726590,#NAME?,iberdrola-international-b-v,0-375-16-25,0.375,16,25
https://www.boerse-frankfurt.de/anleihe/xs1512827095-merlin-properties-socimi-s-a-1-875-16-26,xs1512827095,#NAME?,merlin-properties-socimi-s-a,1-875-16-26,1.875,16,26
https://www.boerse-frankfurt.de/anleihe/xs1575444622-iberdrola-finanzas-s-a-1-17-25,xs1575444622,#NAME?,iberdrola-finanzas-s-a,1-17-25,1,17,25
https://www.boerse-frankfurt.de/anleihe/xs1682538183-iberdrola-finanzas-s-a-1-25-17-27,xs1682538183,#NAME?,iberdrola-finanzas-s-a,1-25-17-27,1.25,17,27
https://www.boerse-frankfurt.de/anleihe/xs1772457633-covivio-s-a-2-375-18-28,xs1772457633,#NAME?,covivio-s-a,2-375-18-28,2.375,18,28
https://www.boerse-frankfurt.de/anleihe/xs1851226891-kommunekredit-0-75-18-28,xs1851226891,#NAME?,kommunekredit,0-75-18-28,0.75,18,28
https://www.boerse-frankfurt.de/anleihe/xs1980270810-terna-rete-elettrica-nazionale-s-p-a-1-19-26,xs1980270810,#NAME?,terna-rete-elettrica-nazionale-s-p-a,1-19-26,1,19,26
https://www.boerse-frankfurt.de/anleihe/xs1980857319-european-investment-bank-eib-1-19-42,xs1980857319,#NAME?,european-investment-bank-eib,1-19-42,1,19,42
https://www.boerse-frankfurt.de/anleihe/xs2001175657-koninklijke-philips-n-v-0-5-19-26,xs2001175657,#NAME?,koninklijke-philips-n-v,0-5-19-26,0.5,19,26
https://www.boerse-frankfurt.de/anleihe/xs2010036874-orsted-a-s-1-75,xs2010036874,#NAME?,orsted-a-s,,1.75,19,#N/A
https://www.boerse-frankfurt.de/anleihe/xs2034715305-kreditanstalt-fuer-wiederaufbau-0-875-19-26,xs2034715305,#NAME?,kreditanstalt-fuer-wiederaufbau,0-875-19-26,0.875,19,26
https://www.boerse-frankfurt.de/anleihe/xs2056491587-generali-s-p-a-2-124-19-30,xs2056491587,#NAME?,generali-s-p-a,2-124-19-30,2.124,19,30
https://www.boerse-frankfurt.de/anleihe/xs2063288190-sr-boligkreditt-a-s-0-01-19-26,xs2063288190,#NAME?,sr-boligkreditt-a-s,0-01-19-26,0.01,19,26
https://www.boerse-frankfurt.de/anleihe/xs2068969067-cooeperatieve-rabobank-u-a-0-25-19-26,xs2068969067,#NAME?,cooeperatieve-rabobank-u-a,0-25-19-26,0.25,19,26
https://www.boerse-frankfurt.de/anleihe/xs2079107830-skf-ab-0-875-19-29,xs2079107830,#NAME?,skf-ab,0-875-19-29,0.875,19,29
https://www.boerse-frankfurt.de/anleihe/xs2082429890-telia-company-ab-1-375-20-81,xs2082429890,#NAME?,telia-company-ab,1-375-20-81,1.375,20,81
https://www.boerse-frankfurt.de/anleihe/xs2103014291-e-on-se-0-375-20-27,xs2103014291,#NAME?,e-on-se,0-375-20-27,0.375,20,27
https://www.boerse-frankfurt.de/anleihe/xs2176686546-ubs-ag-0-45-20-25,xs2176686546,#NAME?,ubs-ag,0-45-20-25,0.45,20,25
https://www.boerse-frankfurt.de/anleihe/xs2180643889-nederlandse-waterschapsbank-n-v-1-20-30,xs2180643889,#NAME?,nederlandse-waterschapsbank-n-v,1-20-30,1,20,30
https://www.boerse-frankfurt.de/anleihe/xs2187529180-prologis-international-funding-ii-s-a-1-625-20-32,xs2187529180,#NAME?,prologis-international-funding-ii-s-a,1-625-20-32,1.625,20,32
https://www.boerse-frankfurt.de/anleihe/xs2199484929-sparebanken-vest-boligkreditt-as-0-01-20-27,xs2199484929,#NAME?,sparebanken-vest-boligkreditt-as,0-01-20-27,0.01,20,27
https://www.boerse-frankfurt.de/anleihe/xs2210044009-eurofima-europaeische-gesellschaft-fuer-die-finanzierung-von-eisen-0-000-20-26,xs2210044009,#NAME?,eurofima-europaeische-gesellschaft-fuer-die-finanzierung-von-eisen,0-000-20-26,0,20,26
https://www.boerse-frankfurt.de/anleihe/xs2221845683-muenchener-rueckversicherungs-gesellschaft-ag-in-muenchen-1-25-20-41,xs2221845683,#NAME?,muenchener-rueckversicherungs-gesellschaft-ag-in-muenchen,1-25-20-41,1.25,20,41
https://www.boerse-frankfurt.de/anleihe/xs2226280084-kommunekredit-0-125-20-40,xs2226280084,#NAME?,kommunekredit,0-125-20-40,0.125,20,40
https://www.boerse-frankfurt.de/anleihe/xs2229434852-erg-s-p-a-0-5-20-27,xs2229434852,#NAME?,erg-s-p-a,0-5-20-27,0.5,20,27
https://www.boerse-frankfurt.de/anleihe/xs2288932853-kreditanstalt-fuer-wiederaufbau-5-8-21-28,xs2288932853,#NAME?,kreditanstalt-fuer-wiederaufbau,5-8-21-28,5.8,21,28
https://www.boerse-frankfurt.de/anleihe/xs2292486771-acea-s-p-a-0-000-21-25,xs2292486771,#NAME?,acea-s-p-a,0-000-21-25,0,21,25
https://www.boerse-frankfurt.de/anleihe/xs2295333988-iberdrola-international-b-v-1-825,xs2295333988,#NAME?,iberdrola-international-b-v,,1.825,21,#N/A
https://www.boerse-frankfurt.de/anleihe/xs2295335413-iberdrola-international-b-v-1-45,xs2295335413,#NAME?,iberdrola-international-b-v,,1.45,21,#N/A
https://www.boerse-frankfurt.de/anleihe/xs2295730803-international-bank-for-reconstruction-and-development-5-31-21-26,xs2295730803,#NAME?,international-bank-for-reconstruction-and-development,5-31-21-26,5.31,21,26
https://www.boerse-frankfurt.de/anleihe/xs2308298962-de-volksbank-n-v-0-375-21-28,xs2308298962,#NAME?,de-volksbank-n-v,0-375-21-28,0.375,21,28
https://www.boerse-frankfurt.de/anleihe/xs2315837778-kreditanstalt-fuer-wiederaufbau-1-125-21-25,xs2315837778,#NAME?,kreditanstalt-fuer-wiederaufbau,1-125-21-25,1.125,21,25
https://www.boerse-frankfurt.de/anleihe/xs2334572562-bank-of-china-ltd-luxembourg-branch-1-4-21-26,xs2334572562,#NAME?,bank-of-china-ltd-luxembourg-branch,1-4-21-26,1.4,21,26
https://www.boerse-frankfurt.de/anleihe/xs2337604479-metlen-energy-metals-s-a-2-25-21-26,xs2337604479,#NAME?,metlen-energy-metals-s-a,2-25-21-26,2.25,21,26
https://www.boerse-frankfurt.de/anleihe/xs2338530467-g-city-europe-ltd-3-625,xs2338530467,#NAME?,g-city-europe-ltd,,3.625,21,#N/A
https://www.boerse-frankfurt.de/anleihe/xs2353473692-raiffeisen-bank-international-ag-1-375-21-33,xs2353473692,#NAME?,raiffeisen-bank-international-ag,1-375-21-33,1.375,21,33
https://www.boerse-frankfurt.de/anleihe/xs2356091269-de-volksbank-n-v-0-25-21-26,xs2356091269,#NAME?,de-volksbank-n-v,0-25-21-26,0.25,21,26
https://www.boerse-frankfurt.de/anleihe/xs2360310044-unicredit-s-p-a-0-8-21-29,xs2360310044,#NAME?,unicredit-s-p-a,0-8-21-29,0.8,21,29
https://www.boerse-frankfurt.de/anleihe/xs2388457264-kreditanstalt-fuer-wiederaufbau-0-000-21-31,xs2388457264,#NAME?,kreditanstalt-fuer-wiederaufbau,0-000-21-31,0,21,31
https://www.boerse-frankfurt.de/anleihe/xs2388910270-branicks-group-ag-2-25-21-26,xs2388910270,#NAME?,branicks-group-ag,2-25-21-26,2.25,21,26
https://www.boerse-frankfurt.de/anleihe/xs2400040460-piraeus-bank-s-a-3-875-21-27,xs2400040460,#NAME?,piraeus-bank-s-a,3-875-21-27,3.875,21,27
https://www.boerse-frankfurt.de/anleihe/xs2405855375-iberdrola-finanzas-s-a-1-575,xs2405855375,#NAME?,iberdrola-finanzas-s-a,,1.575,21,#N/A
https://www.boerse-frankfurt.de/anleihe/xs2406010285-sparebank-1-sor-norge-asa-0-25-21-26,xs2406010285,#NAME?,sparebank-1-sor-norge-asa,0-25-21-26,0.25,21,26
https://www.boerse-frankfurt.de/anleihe/xs2410368042-a-p-moeller-maersk-a-s-0-75-21-31,xs2410368042,#NAME?,a-p-moeller-maersk-a-s,0-75-21-31,0.75,21,31
https://www.boerse-frankfurt.de/anleihe/xs2411241693-talanx-ag-1-75-21-42,xs2411241693,#NAME?,talanx-ag,1-75-21-42,1.75,21,42
https://www.boerse-frankfurt.de/anleihe/xs2431024996-international-bank-for-reconstruction-and-development-6-75-22-27,xs2431024996,#NAME?,international-bank-for-reconstruction-and-development,6-75-22-27,6.75,22,27
https://www.boerse-frankfurt.de/anleihe/xs2439227047-international-bank-for-reconstruction-and-development-6-875-22-29,xs2439227047,#NAME?,international-bank-for-reconstruction-and-development,6-875-22-29,6.875,22,29
https://www.boerse-frankfurt.de/anleihe/xs2439543047-european-investment-bank-eib-0-05-22-29,xs2439543047,#NAME?,european-investment-bank-eib,0-05-22-29,0.05,22,29
https://www.boerse-frankfurt.de/anleihe/xs2443749648-telia-company-ab-2-75-22-83,xs2443749648,#NAME?,telia-company-ab,2-75-22-83,2.75,22,83
https://www.boerse-frankfurt.de/anleihe/xs2473687106-asml-holding-n-v-2-25-22-32,xs2473687106,#NAME?,asml-holding-n-v,2-25-22-32,2.25,22,32
https://www.boerse-frankfurt.de/anleihe/xs2475954900-kreditanstalt-fuer-wiederaufbau-1-375-22-32,xs2475954900,#NAME?,kreditanstalt-fuer-wiederaufbau,1-375-22-32,1.375,22,32
https://www.boerse-frankfurt.de/anleihe/xs2484093393-european-investment-bank-eib-1-5-22-32,xs2484093393,#NAME?,european-investment-bank-eib,1-5-22-32,1.5,22,32
https://www.boerse-frankfurt.de/anleihe/xs2485162163-evonik-industries-ag-2-25-22-27,xs2485162163,#NAME?,evonik-industries-ag,2-25-22-27,2.25,22,27
https://www.boerse-frankfurt.de/anleihe/xs2486825669-volvo-car-ab-4-25-22-28,xs2486825669,#NAME?,volvo-car-ab,4-25-22-28,4.25,22,28
https://www.boerse-frankfurt.de/anleihe/xs2490471807-orsted-a-s-2-25-22-28,xs2490471807,#NAME?,orsted-a-s,2-25-22-28,2.25,22,28
https://www.boerse-frankfurt.de/anleihe/xs2491737461-ab-svensk-exportkredit-2-22-27,xs2491737461,#NAME?,ab-svensk-exportkredit,2-22-27,2,22,27
https://www.boerse-frankfurt.de/anleihe/xs2495084621-ceske-drahy-as-5-625-22-27,xs2495084621,#NAME?,ceske-drahy-as,5-625-22-27,5.625,22,27
https://www.boerse-frankfurt.de/anleihe/xs2527319979-eurogrid-gmbh-3-279-22-31,xs2527319979,#NAME?,eurogrid-gmbh,3-279-22-31,3.279,22,31
https://www.boerse-frankfurt.de/anleihe/xs2534276808-sparebank-1-sor-norge-asa-2-875-22-25,xs2534276808,#NAME?,sparebank-1-sor-norge-asa,2-875-22-25,2.875,22,25
https://www.boerse-frankfurt.de/anleihe/xs2536730448-sparebank-1-smn-3-125-22-25,xs2536730448,#NAME?,sparebank-1-smn,3-125-22-25,3.125,22,25
https://www.boerse-frankfurt.de/anleihe/xs2553554812-nederlandse-waterschapsbank-n-v-2-75-22-27,xs2553554812,#NAME?,nederlandse-waterschapsbank-n-v,2-75-22-27,2.75,22,27
https://www.boerse-frankfurt.de/anleihe/xs2558395278-enbw-international-finance-b-v-4-049-22-29,xs2558395278,#NAME?,enbw-international-finance-b-v,4-049-22-29,4.049,22,29
https://www.boerse-frankfurt.de/anleihe/xs2558395351-enbw-international-finance-b-v-3-625-22-26,xs2558395351,#NAME?,enbw-international-finance-b-v,3-625-22-26,3.625,22,26
https://www.boerse-frankfurt.de/anleihe/xs2558591967-banco-bpm-s-p-a-6-22-28,xs2558591967,#NAME?,banco-bpm-s-p-a,6-22-28,6,22,28
https://www.boerse-frankfurt.de/anleihe/xs2580221658-iberdrola-finanzas-s-a-4-875,xs2580221658,#NAME?,iberdrola-finanzas-s-a,,4.875,23,#N/A
https://www.boerse-frankfurt.de/anleihe/xs2582404724-zf-finance-gmbh-5-75-23-26,xs2582404724,#NAME?,zf-finance-gmbh,5-75-23-26,5.75,23,26
https://www.boerse-frankfurt.de/anleihe/xs2583205906-a2a-s-p-a-4-375-23-34,xs2583205906,#NAME?,a2a-s-p-a,4-375-23-34,4.375,23,34
https://www.boerse-frankfurt.de/anleihe/xs2588859376-east-japan-railway-co-4-11-23-43,xs2588859376,#NAME?,east-japan-railway-co,4-11-23-43,4.11,23,43
https://www.boerse-frankfurt.de/anleihe/xs2592650373-intesa-sanpaolo-s-p-a-5-23-28,xs2592650373,#NAME?,intesa-sanpaolo-s-p-a,5-23-28,5,23,28
https://www.boerse-frankfurt.de/anleihe/xs2625195891-intesa-sanpaolo-s-p-a-4-23-26,xs2625195891,#NAME?,intesa-sanpaolo-s-p-a,4-23-26,4,23,26
https://www.boerse-frankfurt.de/anleihe/xs2675884576-volkswagen-international-finance-n-v-7-5,xs2675884576,#NAME?,volkswagen-international-finance-n-v,,7.5,23,#N/A
https://www.boerse-frankfurt.de/anleihe/xs2675884733-volkswagen-international-finance-n-v-7-875,xs2675884733,#NAME?,volkswagen-international-finance-n-v,,7.875,23,#N/A
https://www.boerse-frankfurt.de/anleihe/xs2689093388-kreditanstalt-fuer-wiederaufbau-4-25-23-28,xs2689093388,#NAME?,kreditanstalt-fuer-wiederaufbau,4-25-23-28,4.25,23,28
https://www.boerse-frankfurt.de/anleihe/xs2694863841-landwirtschaftliche-rentenbank-3-25-23-33,xs2694863841,#NAME?,landwirtschaftliche-rentenbank,3-25-23-33,3.25,23,33
https://www.boerse-frankfurt.de/anleihe/au3cb0277077-european-investment-bank-eib-0-75-21-27,au3cb0277077,#NAME?,european-investment-bank-eib,0-75-21-27,0.75,21,27
https://www.boerse-frankfurt.de/anleihe/au3cb0296754-european-investment-bank-eib-4-2-23-28,au3cb0296754,#NAME?,european-investment-bank-eib,4-2-23-28,4.2,23,28
https://www.boerse-frankfurt.de/anleihe/be6328785207-belfius-bank-s-a-0-375-21-27,be6328785207,#NAME?,belfius-bank-s-a,0-375-21-27,0.375,21,27
https://www.boerse-frankfurt.de/anleihe/be6332787454-vgp-n-v-2-25-22-30,be6332787454,#NAME?,vgp-n-v,2-25-22-30,2.25,22,30
https://www.boerse-frankfurt.de/anleihe/be6333133039-argenta-spaarbank-n-v-1-375-22-29,be6333133039,#NAME?,argenta-spaarbank-n-v,1-375-22-29,1.375,22,29
https://www.boerse-frankfurt.de/anleihe/be6340849569-elia-transmission-belgium-n-v-3-625-23-33,be6340849569,#NAME?,elia-transmission-belgium-n-v,3-625-23-33,3.625,23,33
https://www.boerse-frankfurt.de/anleihe/ca74814zfp32-quebec-provinz-3-65-22-32,ca74814zfp32,#NAME?,quebec-provinz,3-65-22-32,3.65,22,32
https://www.boerse-frankfurt.de/anleihe/de000a30vpl3-amprion-gmbh-3-45-22-27,de000a30vpl3,#NAME?,amprion-gmbh,3-45-22-27,3.45,22,27
https://www.boerse-frankfurt.de/anleihe/de000a30vpm1-amprion-gmbh-3-971-22-32,de000a30vpm1,#NAME?,amprion-gmbh,3-971-22-32,3.971,22,32
https://www.boerse-frankfurt.de/anleihe/de000a30vqb2-vonovia-se-5-22-30,de000a30vqb2,#NAME?,vonovia-se,5-22-30,5,22,30
https://www.boerse-frankfurt.de/anleihe/de000a3e5l98-ewe-ag-0-25-21-28,de000a3e5l98,#NAME?,ewe-ag,0-25-21-28,0.25,21,28
https://www.boerse-frankfurt.de/anleihe/de000a3e5ww4-evonik-industries-ag-1-375-21-81,de000a3e5ww4,#NAME?,evonik-industries-ag,1-375-21-81,1.375,21,81
https://www.boerse-frankfurt.de/anleihe/de000dfk0gb1-dz-bank-ag-deutsche-zentral-genossenschaftsbank-frankfurt-am-main-0-05-20-27,de000dfk0gb1,#NAME?,dz-bank-ag-deutsche-zentral-genossenschaftsbank-frankfurt-am-main,0-05-20-27,0.05,20,27
https://www.boerse-frankfurt.de/anleihe/de000dl19wl7-deutsche-bank-ag-1-875-22-28,de000dl19wl7,#NAME?,deutsche-bank-ag,1-875-22-28,1.875,22,28
https://www.boerse-frankfurt.de/anleihe/de000dl19wu8-deutsche-bank-ag-3-25-22-28,de000dl19wu8,#NAME?,deutsche-bank-ag,3-25-22-28,3.25,22,28
https://www.boerse-frankfurt.de/anleihe/eu000a3k4c42-europaeische-union-0-4-21-37,eu000a3k4c42,#NAME?,europaeische-union,0-4-21-37,0.4,21,37
https://www.boerse-frankfurt.de/anleihe/eu000a3k4dg1-europaeische-union-1-25-22-43,eu000a3k4dg1,#NAME?,europaeische-union,1-25-22-43,1.25,22,43
https://www.boerse-frankfurt.de/anleihe/eu000a3k4dm9-europaeische-union-2-625-22-48,eu000a3k4dm9,#NAME?,europaeische-union,2-625-22-48,2.625,22,48
https://www.boerse-frankfurt.de/anleihe/eu000a3k4dw8-europaeische-union-2-75-22-33,eu000a3k4dw8,#NAME?,europaeische-union,2-75-22-33,2.75,22,33
https://www.boerse-frankfurt.de/anleihe/it0005437733-credit-agricole-italia-s-p-a-0-125-21-33,it0005437733,#NAME?,credit-agricole-italia-s-p-a,0-125-21-33,0.125,21,33
https://www.boerse-frankfurt.de/anleihe/ptcgddom0036-caixa-geral-de-depositos-s-a-5-75-22-28,ptcgddom0036,#NAME?,caixa-geral-de-depositos-s-a,5-75-22-28,5.75,22,28
https://www.boerse-frankfurt.de/anleihe/us298785hm16-european-investment-bank-eib-2-375-17-27,us298785hm16,#NAME?,european-investment-bank-eib,2-375-17-27,2.375,17,27
https://www.boerse-frankfurt.de/anleihe/us298785jv96-european-investment-bank-eib-3-75-23-33,us298785jv96,#NAME?,european-investment-bank-eib,3-75-23-33,3.75,23,33
https://www.boerse-frankfurt.de/anleihe/us45905url07-international-bank-for-reconstruction-and-development-2-125-15-25,us45905url07,#NAME?,international-bank-for-reconstruction-and-development,2-125-15-25,2.125,15,25
https://www.boerse-frankfurt.de/anleihe/us46514bra79-israel-staat-4-5-23-33,us46514bra79,#NAME?,israel-staat,4-5-23-33,4.5,23,33
https://www.boerse-frankfurt.de/anleihe/us500769jq84-kreditanstalt-fuer-wiederaufbau-1-21-26,us500769jq84,#NAME?,kreditanstalt-fuer-wiederaufbau,1-21-26,1,21,26
https://www.boerse-frankfurt.de/anleihe/xs1107718279-european-investment-bank-eib-1-25-14-26,xs1107718279,#NAME?,european-investment-bank-eib,1-25-14-26,1.25,14,26
https://www.boerse-frankfurt.de/anleihe/xs1218319702-unibail-rodamco-westfield-se-1-15-25,xs1218319702,#NAME?,unibail-rodamco-westfield-se,1-15-25,1,15,25
https://www.boerse-frankfurt.de/anleihe/xs1622415674-kommunekredit-0-75-17-27,xs1622415674,#NAME?,kommunekredit,0-75-17-27,0.75,17,27
https://www.boerse-frankfurt.de/anleihe/xs1641457277-european-investment-bank-eib-1-5-17-47,xs1641457277,#NAME?,european-investment-bank-eib,1-5-17-47,1.5,17,47
https://www.boerse-frankfurt.de/anleihe/xs1718393439-naturgy-finance-iberia-s-a-0-875-17-25,xs1718393439,#NAME?,naturgy-finance-iberia-s-a,0-875-17-25,0.875,17,25
https://www.boerse-frankfurt.de/anleihe/xs1789176846-prologis-international-funding-ii-s-a-1-75-18-28,xs1789176846,#NAME?,prologis-international-funding-ii-s-a,1-75-18-28,1.75,18,28
https://www.boerse-frankfurt.de/anleihe/xs1828046570-european-investment-bank-eib-1-125-18-32,xs1828046570,#NAME?,european-investment-bank-eib,1-125-18-32,1.125,18,32
https://www.boerse-frankfurt.de/anleihe/xs1843433639-chile-republik-0-83-19-31,xs1843433639,#NAME?,chile-republik,0-83-19-31,0.83,19,31
https://www.boerse-frankfurt.de/anleihe/xs1853999313-ignitis-group-uab-1-875-18-28,xs1853999313,#NAME?,ignitis-group-uab,1-875-18-28,1.875,18,28
https://www.boerse-frankfurt.de/anleihe/xs1904690341-prologis-international-funding-ii-s-a-2-375-18-30,xs1904690341,#NAME?,prologis-international-funding-ii-s-a,2-375-18-30,2.375,18,30
https://www.boerse-frankfurt.de/anleihe/xs1937665955-enel-finance-international-n-v-1-5-19-25,xs1937665955,#NAME?,enel-finance-international-n-v,1-5-19-25,1.5,19,25
https://www.boerse-frankfurt.de/anleihe/xs1981060624-erg-s-p-a-1-875-19-25,xs1981060624,#NAME?,erg-s-p-a,1-875-19-25,1.875,19,25
https://www.boerse-frankfurt.de/anleihe/xs1999841445-kreditanstalt-fuer-wiederaufbau-0-01-19-27,xs1999841445,#NAME?,kreditanstalt-fuer-wiederaufbau,0-01-19-27,0.01,19,27
https://www.boerse-frankfurt.de/anleihe/xs2021462440-prologis-international-funding-ii-s-a-0-875-19-29,xs2021462440,#NAME?,prologis-international-funding-ii-s-a,0-875-19-29,0.875,19,29
https://www.boerse-frankfurt.de/anleihe/xs2035564629-enbw-energie-baden-wuerttemberg-ag-1-625-19-79,xs2035564629,#NAME?,enbw-energie-baden-wuerttemberg-ag,1-625-19-79,1.625,19,79
https://www.boerse-frankfurt.de/anleihe/xs2055744689-eurofima-europaeische-gesellschaft-fuer-die-finanzierung-von-eisen-0-15-19-34,xs2055744689,#NAME?,eurofima-europaeische-gesellschaft-fuer-die-finanzierung-von-eisen,0-15-19-34,0.15,19,34
https://www.boerse-frankfurt.de/anleihe/xs2057845518-nederlandse-waterschapsbank-n-v-0-000-19-34,xs2057845518,#NAME?,nederlandse-waterschapsbank-n-v,0-000-19-34,0,19,34
https://www.boerse-frankfurt.de/anleihe/xs2113121904-japan-finance-organization-for-municipalities-0-05-20-27,xs2113121904,#NAME?,japan-finance-organization-for-municipalities,0-05-20-27,0.05,20,27
https://www.boerse-frankfurt.de/anleihe/xs2202902636-de-volksbank-n-v-1-75-20-30,xs2202902636,#NAME?,de-volksbank-n-v,1-75-20-30,1.75,20,30
https://www.boerse-frankfurt.de/anleihe/xs2209023402-terna-rete-elettrica-nazionale-s-p-a-0-75-20-32,xs2209023402,#NAME?,terna-rete-elettrica-nazionale-s-p-a,0-75-20-32,0.75,20,32
https://www.boerse-frankfurt.de/anleihe/xs2209794408-kreditanstalt-fuer-wiederaufbau-0-000-20-28,xs2209794408,#NAME?,kreditanstalt-fuer-wiederaufbau,0-000-20-28,0,20,28
https://www.boerse-frankfurt.de/anleihe/xs2233088132-hamburger-hochbahn-ag-0-125-21-31,xs2233088132,#NAME?,hamburger-hochbahn-ag,0-125-21-31,0.125,21,31
https://www.boerse-frankfurt.de/anleihe/xs2234567233-volkswagen-international-finance-n-v-0-875-20-28,xs2234567233,#NAME?,volkswagen-international-finance-n-v,0-875-20-28,0.875,20,28
https://www.boerse-frankfurt.de/anleihe/xs2237434803-unipol-assicurazioni-s-p-a-3-25-20-30,xs2237434803,#NAME?,unipol-assicurazioni-s-p-a,3-25-20-30,3.25,20,30
https://www.boerse-frankfurt.de/anleihe/xs2288098291-international-bank-for-reconstruction-and-development-12-21-26,xs2288098291,#NAME?,international-bank-for-reconstruction-and-development,12-21-26,12,21,26
https://www.boerse-frankfurt.de/anleihe/xs2289822376-european-investment-bank-eib-1-21-28,xs2289822376,#NAME?,european-investment-bank-eib,1-21-28,1,21,28
https://www.boerse-frankfurt.de/anleihe/xs2291329030-kreditanstalt-fuer-wiederaufbau-4-4-21-25,xs2291329030,#NAME?,kreditanstalt-fuer-wiederaufbau,4-4-21-25,4.4,21,25
https://www.boerse-frankfurt.de/anleihe/xs2291905474-japan-finance-organization-for-municipalities-0-01-21-28,xs2291905474,#NAME?,japan-finance-organization-for-municipalities,0-01-21-28,0.01,21,28
https://www.boerse-frankfurt.de/anleihe/xs2292487076-acea-s-p-a-0-25-21-30,xs2292487076,#NAME?,acea-s-p-a,0-25-21-30,0.25,21,30
https://www.boerse-frankfurt.de/anleihe/xs2293075680-orsted-a-s-1-5,xs2293075680,#NAME?,orsted-a-s,,1.5,21,#N/A
https://www.boerse-frankfurt.de/anleihe/xs2298592770-international-bank-for-reconstruction-and-development-4-5-21-26,xs2298592770,#NAME?,international-bank-for-reconstruction-and-development,4-5-21-26,4.5,21,26
https://www.boerse-frankfurt.de/anleihe/xs2308586911-sparebank-1-stlandet-0-125-21-28,xs2308586911,#NAME?,sparebank-1-stlandet,0-125-21-28,0.125,21,28
https://www.boerse-frankfurt.de/anleihe/xs2314675997-european-investment-bank-eib-0-01-21-30,xs2314675997,#NAME?,european-investment-bank-eib,0-01-21-30,0.01,21,30
https://www.boerse-frankfurt.de/anleihe/xs2321476793-kreditanstalt-fuer-wiederaufbau-0-25-21-26,xs2321476793,#NAME?,kreditanstalt-fuer-wiederaufbau,0-25-21-26,0.25,21,26
https://www.boerse-frankfurt.de/anleihe/xs2323295563-nidec-corp-0-046-21-26,xs2323295563,#NAME?,nidec-corp,0-046-21-26,0.046,21,26
https://www.boerse-frankfurt.de/anleihe/xs2331327564-kreditanstalt-fuer-wiederaufbau-0-000-21-29,xs2331327564,#NAME?,kreditanstalt-fuer-wiederaufbau,0-000-21-29,0,21,29
https://www.boerse-frankfurt.de/anleihe/xs2332851026-eurofima-europaeische-gesellschaft-fuer-die-finanzierung-von-eisen-0-5-21-41,xs2332851026,#NAME?,eurofima-europaeische-gesellschaft-fuer-die-finanzierung-von-eisen,0-5-21-41,0.5,21,41
https://www.boerse-frankfurt.de/anleihe/xs2347367018-merlin-properties-socimi-s-a-1-375-21-30,xs2347367018,#NAME?,merlin-properties-socimi-s-a,1-375-21-30,1.375,21,30
https://www.boerse-frankfurt.de/anleihe/xs2351382473-derichebourg-s-a-2-25-21-28,xs2351382473,#NAME?,derichebourg-s-a,2-25-21-28,2.25,21,28
https://www.boerse-frankfurt.de/anleihe/xs2356569736-bayerische-landesbank-1-21-31,xs2356569736,#NAME?,bayerische-landesbank,1-21-31,1,21,31
https://www.boerse-frankfurt.de/anleihe/xs2359292955-landwirtschaftliche-rentenbank-0-000-21-31,xs2359292955,#NAME?,landwirtschaftliche-rentenbank,0-000-21-31,0,21,31
https://www.boerse-frankfurt.de/anleihe/xs2363989273-lar-espana-real-estate-socimi-s-a-1-75-21-26,xs2363989273,#NAME?,lar-espana-real-estate-socimi-s-a,1-75-21-26,1.75,21,26
https://www.boerse-frankfurt.de/anleihe/xs2380748439-bawag-p-s-k-bank-fuer-arbeit-und-wirtschaft-und-oesterreichische-postsparkasse-ag-0-01-21-29,xs2380748439,#NAME?,bawag-p-s-k-bank-fuer-arbeit-und-wirtschaft-und-oesterreichische-postsparkasse-ag,0-01-21-29,0.01,21,29
https://www.boerse-frankfurt.de/anleihe/xs2381272207-enbw-energie-baden-wuerttemberg-ag-1-375-21-81,xs2381272207,#NAME?,enbw-energie-baden-wuerttemberg-ag,1-375-21-81,1.375,21,81
https://www.boerse-frankfurt.de/anleihe/xs2388876232-mbank-s-a-0-966-21-27,xs2388876232,#NAME?,mbank-s-a,0-966-21-27,0.966,21,27
https://www.boerse-frankfurt.de/anleihe/xs2431032585-international-bank-for-reconstruction-and-development-7-25-22-27,xs2431032585,#NAME?,international-bank-for-reconstruction-and-development,7-25-22-27,7.25,22,27
https://www.boerse-frankfurt.de/anleihe/xs2436807866-p3-group-s-a-r-l-0-875-22-26,xs2436807866,-p3-group-s-a-r-l-0-875-22-26,p3-group-s-a-r-l,0-875-22-26,0.875,22,26
https://www.boerse-frankfurt.de/anleihe/xs2436807940-p3-group-s-a-r-l-1-625-22-29,xs2436807940,-p3-group-s-a-r-l-1-625-22-29,p3-group-s-a-r-l,1-625-22-29,1.625,22,29
https://www.boerse-frankfurt.de/anleihe/xs2439224374-international-bank-for-reconstruction-and-development-6-75-22-29,xs2439224374,#NAME?,international-bank-for-reconstruction-and-development,6-75-22-29,6.75,22,29
https://www.boerse-frankfurt.de/anleihe/xs2439224705-international-bank-for-reconstruction-and-development-9-5-22-29,xs2439224705,#NAME?,international-bank-for-reconstruction-and-development,9-5-22-29,9.5,22,29
https://www.boerse-frankfurt.de/anleihe/xs2471305867-bank-of-china-ltd-luxembourg-branch-1-5-22-25,xs2471305867,#NAME?,bank-of-china-ltd-luxembourg-branch,1-5-22-25,1.5,22,25
https://www.boerse-frankfurt.de/anleihe/xs2475502832-de-volksbank-n-v-2-375-22-27,xs2475502832,#NAME?,de-volksbank-n-v,2-375-22-27,2.375,22,27
https://www.boerse-frankfurt.de/anleihe/xs2485265214-prologis-international-funding-ii-s-a-3-125-22-31,xs2485265214,#NAME?,prologis-international-funding-ii-s-a,3-125-22-31,3.125,22,31
https://www.boerse-frankfurt.de/anleihe/xs2491738352-volkswagen-international-finance-n-v-3-125-22-25,xs2491738352,#NAME?,volkswagen-international-finance-n-v,3-125-22-25,3.125,22,25
https://www.boerse-frankfurt.de/anleihe/xs2498554992-ayvens-s-a-4-22-27,xs2498554992,#NAME?,ayvens-s-a,4-22-27,4,22,27
https://www.boerse-frankfurt.de/anleihe/xs2500341990-landwirtschaftliche-rentenbank-1-9-22-32,xs2500341990,#NAME?,landwirtschaftliche-rentenbank,1-9-22-32,1.9,22,32
https://www.boerse-frankfurt.de/anleihe/xs2529233814-intesa-sanpaolo-s-p-a-4-75-22-27,xs2529233814,#NAME?,intesa-sanpaolo-s-p-a,4-75-22-27,4.75,22,27
https://www.boerse-frankfurt.de/anleihe/xs2531479462-bawag-p-s-k-bank-fuer-arbeit-und-wirtschaft-und-oesterreichische-postsparkasse-ag-4-125-23-27,xs2531479462,#NAME?,bawag-p-s-k-bank-fuer-arbeit-und-wirtschaft-und-oesterreichische-postsparkasse-ag,4-125-23-27,4.125,23,27
https://www.boerse-frankfurt.de/anleihe/xs2552880838-eurofima-europaeische-gesellschaft-fuer-die-finanzierung-von-eisen-3-125-22-31,xs2552880838,#NAME?,eurofima-europaeische-gesellschaft-fuer-die-finanzierung-von-eisen,3-125-22-31,3.125,22,31
https://www.boerse-frankfurt.de/anleihe/xs2554488978-volkswagen-international-finance-n-v-4-25-22-28,xs2554488978,#NAME?,volkswagen-international-finance-n-v,4-25-22-28,4.25,22,28
https://www.boerse-frankfurt.de/anleihe/xs2554997937-covestro-ag-4-75-22-28,xs2554997937,#NAME?,covestro-ag,4-75-22-28,4.75,22,28
https://www.boerse-frankfurt.de/anleihe/xs2558594391-ungarn-republik-5-22-27,xs2558594391,#NAME?,ungarn-republik,5-22-27,5,22,27
https://www.boerse-frankfurt.de/anleihe/xs2558966953-iberdrola-finanzas-s-a-3-375-22-32,xs2558966953,#NAME?,iberdrola-finanzas-s-a,3-375-22-32,3.375,22,32
https://www.boerse-frankfurt.de/anleihe/xs2562651500-international-finance-corp-3-375-22-27,xs2562651500,#NAME?,international-finance-corp,3-375-22-27,3.375,22,27
https://www.boerse-frankfurt.de/anleihe/xs2577054716-laensfoersaekringar-bank-ab-4-23-27,xs2577054716,#NAME?,laensfoersaekringar-bank-ab,4-23-27,4,23,27
https://www.boerse-frankfurt.de/anleihe/xs2579284469-acea-s-p-a-3-875-23-31,xs2579284469,#NAME?,acea-s-p-a,3-875-23-31,3.875,23,31
https://www.boerse-frankfurt.de/anleihe/xs2582195207-landesbank-hessen-thueringen-girozentrale-4-23-30,xs2582195207,#NAME?,landesbank-hessen-thueringen-girozentrale,4-23-30,4,23,30
https://www.boerse-frankfurt.de/anleihe/xs2592658947-intesa-sanpaolo-s-p-a-5-625-23-33,xs2592658947,#NAME?,intesa-sanpaolo-s-p-a,5-625-23-33,5.625,23,33
https://www.boerse-frankfurt.de/anleihe/xs2609970848-generali-s-p-a-5-399-23-33,xs2609970848,#NAME?,generali-s-p-a,5-399-23-33,5.399,23,33
https://www.boerse-frankfurt.de/anleihe/xs2629064267-stora-enso-oyj-4-25-23-29,xs2629064267,#NAME?,stora-enso-oyj,4-25-23-29,4.25,23,29
https://www.boerse-frankfurt.de/anleihe/xs2641055012-nova-ljubljanska-banka-d-d-7-125-23-27,xs2641055012,#NAME?,nova-ljubljanska-banka-d-d,7-125-23-27,7.125,23,27
https://www.boerse-frankfurt.de/anleihe/xs2649518953-kreditanstalt-fuer-wiederaufbau-4-875-23-31,xs2649518953,#NAME?,kreditanstalt-fuer-wiederaufbau,4-875-23-31,4.875,23,31
https://www.boerse-frankfurt.de/anleihe/xs2673433814-east-japan-railway-co-3-976-23-32,xs2673433814,#NAME?,east-japan-railway-co,3-976-23-32,3.976,23,32
https://www.boerse-frankfurt.de/anleihe/xs2677607132-kreditanstalt-fuer-wiederaufbau-3-5-23-30,xs2677607132,#NAME?,kreditanstalt-fuer-wiederaufbau,3-5-23-30,3.5,23,30
https://www.boerse-frankfurt.de/anleihe/au3cb0245884-european-investment-bank-eib-3-3-17-28,au3cb0245884,#NAME?,european-investment-bank-eib,3-3-17-28,3.3,17,28
https://www.boerse-frankfurt.de/anleihe/be6327721237-vgp-n-v-1-5-21-29,be6327721237,#NAME?,vgp-n-v,1-5-21-29,1.5,21,29
https://www.boerse-frankfurt.de/anleihe/be6344187966-belfius-bank-s-a-3-875-23-28,be6344187966,#NAME?,belfius-bank-s-a,3-875-23-28,3.875,23,28
https://www.boerse-frankfurt.de/anleihe/ca045167fa66-asian-development-bank-adb-0-75-21-26,ca045167fa66,#NAME?,asian-development-bank-adb,0-75-21-26,0.75,21,26
https://www.boerse-frankfurt.de/anleihe/ca748148sa23-quebec-provinz-1-85-20-27,ca748148sa23,#NAME?,quebec-provinz,1-85-20-27,1.85,20,27
https://www.boerse-frankfurt.de/anleihe/de000a289qr9-mercedes-benz-group-ag-0-75-20-30,de000a289qr9,#NAME?,mercedes-benz-group-ag,0-75-20-30,0.75,20,30
https://www.boerse-frankfurt.de/anleihe/de000a3e5fr9-vonovia-se-0-625-21-31,de000a3e5fr9,#NAME?,vonovia-se,0-625-21-31,0.625,21,31
https://www.boerse-frankfurt.de/anleihe/de000a3ks5r1-signa-development-finance-s-c-s-5-5-21-26,de000a3ks5r1,-signa-development-finance-s-c-s-5-5-21-26,signa-development-finance-s-c-s,5-5-21-26,5.5,21,26
https://www.boerse-frankfurt.de/anleihe/de000a3lh6u5-mercedes-benz-international-finance-b-v-3-7-23-31,de000a3lh6u5,#NAME?,mercedes-benz-international-finance-b-v,3-7-23-31,3.7,23,31
https://www.boerse-frankfurt.de/anleihe/de000lb2clh7-landesbank-baden-wuerttemberg-0-375-19-26,de000lb2clh7,#NAME?,landesbank-baden-wuerttemberg,0-375-19-26,0.375,19,26
https://www.boerse-frankfurt.de/anleihe/de000lb2cu83-landesbank-baden-wuerttemberg-1-125-20-25,de000lb2cu83,#NAME?,landesbank-baden-wuerttemberg,1-125-20-25,1.125,20,25
https://www.boerse-frankfurt.de/anleihe/fr0013462728-new-immo-holding-s-a-2-75-19-26,fr0013462728,#NAME?,new-immo-holding-s-a,2-75-19-26,2.75,19,26
https://www.boerse-frankfurt.de/anleihe/fr001400dxr9-caisse-francaise-de-financement-local-3-125-22-27,fr001400dxr9,#NAME?,caisse-francaise-de-financement-local,3-125-22-27,3.125,22,27
https://www.boerse-frankfurt.de/anleihe/it0005489932-banco-bpm-s-p-a-0-75-22-27,it0005489932,#NAME?,banco-bpm-s-p-a,0-75-22-27,0.75,22,27
https://www.boerse-frankfurt.de/anleihe/no0010923220-aker-horizons-asa-7-95-21-25,no0010923220,#NAME?,aker-horizons-asa,7-95-21-25,7.95,21,25
https://www.boerse-frankfurt.de/anleihe/us298785hd17-european-investment-bank-eib-2-125-16-26,us298785hd17,#NAME?,european-investment-bank-eib,2-125-16-26,2.125,16,26
https://www.boerse-frankfurt.de/anleihe/us298785ja59-european-investment-bank-eib-1-625-19-29,us298785ja59,#NAME?,european-investment-bank-eib,1-625-19-29,1.625,19,29
https://www.boerse-frankfurt.de/anleihe/us298785jh03-european-investment-bank-eib-0-75-20-30,us298785jh03,#NAME?,european-investment-bank-eib,0-75-20-30,0.75,20,30
https://www.boerse-frankfurt.de/anleihe/us298785jn70-european-investment-bank-eib-1-625-21-31,us298785jn70,#NAME?,european-investment-bank-eib,1-625-21-31,1.625,21,31
https://www.boerse-frankfurt.de/anleihe/us45950vhx73-international-finance-corp-2-125-16-26,us45950vhx73,#NAME?,international-finance-corp,2-125-16-26,2.125,16,26
https://www.boerse-frankfurt.de/anleihe/us471048cu09-japan-bank-for-international-cooperation-4-38-22-27,us471048cu09,#NAME?,japan-bank-for-international-cooperation,4-38-22-27,4.38,22,27
https://www.boerse-frankfurt.de/anleihe/usd5558xaa66-muenchener-rueckversicherungs-gesellschaft-ag-in-muenchen-5-875-22-42,usd5558xaa66,#NAME?,muenchener-rueckversicherungs-gesellschaft-ag-in-muenchen,5-875-22-42,5.875,22,42
https://www.boerse-frankfurt.de/anleihe/usl79090ac78-rumo-luxembourg-sarl-5-25-20-28,usl79090ac78,#NAME?,rumo-luxembourg-sarl,5-25-20-28,5.25,20,28
https://www.boerse-frankfurt.de/anleihe/usp3083sad73-consorcio-transmantaro-s-a-4-7-19-34,usp3083sad73,#NAME?,consorcio-transmantaro-s-a,4-7-19-34,4.7,19,34
https://www.boerse-frankfurt.de/anleihe/xs1188118100-kommunalbanken-as-2-125-15-25,xs1188118100,#NAME?,kommunalbanken-as,2-125-15-25,2.125,15,25
https://www.boerse-frankfurt.de/anleihe/xs1284550941-nederlandse-waterschapsbank-n-v-1-15-25,xs1284550941,#NAME?,nederlandse-waterschapsbank-n-v,1-15-25,1,15,25
https://www.boerse-frankfurt.de/anleihe/xs1572222526-european-investment-bank-eib-1-5-17-27,xs1572222526,#NAME?,european-investment-bank-eib,1-5-17-27,1.5,17,27
https://www.boerse-frankfurt.de/anleihe/xs1612940558-kreditanstalt-fuer-wiederaufbau-0-25-17-25,xs1612940558,#NAME?,kreditanstalt-fuer-wiederaufbau,0-25-17-25,0.25,17,25
https://www.boerse-frankfurt.de/anleihe/xs1646530565-ignitis-group-uab-2-17-27,xs1646530565,#NAME?,ignitis-group-uab,2-17-27,2,17,27
https://www.boerse-frankfurt.de/anleihe/xs1684831982-merlin-properties-socimi-s-a-2-375-17-29,xs1684831982,#NAME?,merlin-properties-socimi-s-a,2-375-17-29,2.375,17,29
https://www.boerse-frankfurt.de/anleihe/xs1750986744-enel-finance-international-n-v-1-125-18-26,xs1750986744,#NAME?,enel-finance-international-n-v,1-125-18-26,1.125,18,26
https://www.boerse-frankfurt.de/anleihe/xs1764081110-kreditanstalt-fuer-wiederaufbau-1-375-18-28,xs1764081110,#NAME?,kreditanstalt-fuer-wiederaufbau,1-375-18-28,1.375,18,28
https://www.boerse-frankfurt.de/anleihe/xs1854893291-asian-development-bank-adb-0-35-18-25,xs1854893291,#NAME?,asian-development-bank-adb,0-35-18-25,0.35,18,25
https://www.boerse-frankfurt.de/anleihe/xs1912495691-international-bank-for-reconstruction-and-development-0-625-18-27,xs1912495691,#NAME?,international-bank-for-reconstruction-and-development,0-625-18-27,0.625,18,27
https://www.boerse-frankfurt.de/anleihe/xs1958534528-polen-republik-1-19-29,xs1958534528,#NAME?,polen-republik,1-19-29,1,19,29
https://www.boerse-frankfurt.de/anleihe/xs1960361720-polen-republik-2-19-49,xs1960361720,#NAME?,polen-republik,2-19-49,2,19,49
https://www.boerse-frankfurt.de/anleihe/xs2003499386-nordea-bank-abp-0-375-19-26,xs2003499386,#NAME?,nordea-bank-abp,0-375-19-26,0.375,19,26
https://www.boerse-frankfurt.de/anleihe/xs2028900087-mitsubishi-ufj-financial-group-inc-0-848-19-29,xs2028900087,#NAME?,mitsubishi-ufj-financial-group-inc,0-848-19-29,0.848,19,29
https://www.boerse-frankfurt.de/anleihe/xs2047500926-e-on-se-0-35-19-30,xs2047500926,#NAME?,e-on-se,0-35-19-30,0.35,19,30
https://www.boerse-frankfurt.de/anleihe/xs2051032444-sparebank-1-smn-0-125-19-26,xs2051032444,#NAME?,sparebank-1-smn,0-125-19-26,0.125,19,26
https://www.boerse-frankfurt.de/anleihe/xs2055627538-raiffeisen-bank-international-ag-0-375-19-26,xs2055627538,#NAME?,raiffeisen-bank-international-ag,0-375-19-26,0.375,19,26
https://www.boerse-frankfurt.de/anleihe/xs2081058096-kommunekredit-0-625-19-39,xs2081058096,#NAME?,kommunekredit,0-625-19-39,0.625,19,39
https://www.boerse-frankfurt.de/anleihe/xs2089229806-merlin-properties-socimi-s-a-1-875-19-34,xs2089229806,#NAME?,merlin-properties-socimi-s-a,1-875-19-34,1.875,19,34
https://www.boerse-frankfurt.de/anleihe/xs2103013210-red-electrica-financiaciones-s-a-u-0-375-20-28,xs2103013210,#NAME?,red-electrica-financiaciones-s-a-u,0-375-20-28,0.375,20,28
https://www.boerse-frankfurt.de/anleihe/xs2153405118-iberdrola-finanzas-s-a-0-875-20-25,xs2153405118,#NAME?,iberdrola-finanzas-s-a,0-875-20-25,0.875,20,25
https://www.boerse-frankfurt.de/anleihe/xs2176621253-eurofima-europaeische-gesellschaft-fuer-die-finanzierung-von-eisen-0-1-20-30,xs2176621253,#NAME?,eurofima-europaeische-gesellschaft-fuer-die-finanzierung-von-eisen,0-1-20-30,0.1,20,30
https://www.boerse-frankfurt.de/anleihe/xs2201946634-merlin-properties-socimi-s-a-2-375-20-27,xs2201946634,#NAME?,merlin-properties-socimi-s-a,2-375-20-27,2.375,20,27
https://www.boerse-frankfurt.de/anleihe/xs2234567662-volkswagen-international-finance-n-v-1-25-20-32,xs2234567662,#NAME?,volkswagen-international-finance-n-v,1-25-20-32,1.25,20,32
https://www.boerse-frankfurt.de/anleihe/xs2237982769-national-bank-of-greece-s-a-2-75-20-26,xs2237982769,#NAME?,national-bank-of-greece-s-a,2-75-20-26,2.75,20,26
https://www.boerse-frankfurt.de/anleihe/xs2240978085-volvo-car-ab-2-5-20-27,xs2240978085,#NAME?,volvo-car-ab,2-5-20-27,2.5,20,27
https://www.boerse-frankfurt.de/anleihe/xs2241387252-mizuho-financial-group-inc-0-214-20-25,xs2241387252,#NAME?,mizuho-financial-group-inc,0-214-20-25,0.214,20,25
https://www.boerse-frankfurt.de/anleihe/xs2288098457-international-bank-for-reconstruction-and-development-4-25-21-26,xs2288098457,#NAME?,international-bank-for-reconstruction-and-development,4-25-21-26,4.25,21,26
https://www.boerse-frankfurt.de/anleihe/xs2294495838-atrium-finance-plc-2-625-21-27,xs2294495838,#NAME?,atrium-finance-plc,2-625-21-27,2.625,21,27
https://www.boerse-frankfurt.de/anleihe/xs2303089697-sparebank-1-smn-0-01-21-28,xs2303089697,#NAME?,sparebank-1-smn,0-01-21-28,0.01,21,28
https://www.boerse-frankfurt.de/anleihe/xs2317069685-intesa-sanpaolo-s-p-a-0-75-21-28,xs2317069685,#NAME?,intesa-sanpaolo-s-p-a,0-75-21-28,0.75,21,28
https://www.boerse-frankfurt.de/anleihe/xs2321526480-nordea-bank-abp-0-5-21-31,xs2321526480,#NAME?,nordea-bank-abp,0-5-21-31,0.5,21,31
https://www.boerse-frankfurt.de/anleihe/xs2321685526-kreditanstalt-fuer-wiederaufbau-0-625-21-25,xs2321685526,#NAME?,kreditanstalt-fuer-wiederaufbau,0-625-21-25,0.625,21,25
https://www.boerse-frankfurt.de/anleihe/xs2351092478-rwe-ag-0-625-21-31,xs2351092478,#NAME?,rwe-ag,0-625-21-31,0.625,21,31
https://www.boerse-frankfurt.de/anleihe/xs2356033147-instituto-de-credito-oficial-0-000-21-27,xs2356033147,#NAME?,instituto-de-credito-oficial,0-000-21-27,0,21,27
https://www.boerse-frankfurt.de/anleihe/xs2363982344-sparebank-1-sor-norge-asa-0-375-21-27,xs2363982344,#NAME?,sparebank-1-sor-norge-asa,0-375-21-27,0.375,21,27
https://www.boerse-frankfurt.de/anleihe/xs2379392397-china-merchants-bank-co-ltd-luxembourg-branch-1-25-21-26,xs2379392397,#NAME?,china-merchants-bank-co-ltd-luxembourg-branch,1-25-21-26,1.25,21,26
https://www.boerse-frankfurt.de/anleihe/xs2381261424-muenchener-rueckversicherungs-gesellschaft-ag-in-muenchen-1-21-42,xs2381261424,#NAME?,muenchener-rueckversicherungs-gesellschaft-ag-in-muenchen,1-21-42,1,21,42
https://www.boerse-frankfurt.de/anleihe/xs2386650274-erg-s-p-a-0-875-21-31,xs2386650274,#NAME?,erg-s-p-a,0-875-21-31,0.875,21,31
https://www.boerse-frankfurt.de/anleihe/xs2393511071-international-bank-for-reconstruction-and-development-6-25-21-26,xs2393511071,#NAME?,international-bank-for-reconstruction-and-development,6-25-21-26,6.25,21,26
https://www.boerse-frankfurt.de/anleihe/xs2397352233-sparebanken-vest-boligkreditt-as-0-01-21-26,xs2397352233,#NAME?,sparebanken-vest-boligkreditt-as,0-01-21-26,0.01,21,26
https://www.boerse-frankfurt.de/anleihe/xs2403391886-lar-espana-real-estate-socimi-s-a-1-843-21-28,xs2403391886,#NAME?,lar-espana-real-estate-socimi-s-a,1-843-21-28,1.843,21,28
https://www.boerse-frankfurt.de/anleihe/xs2411178630-bayerische-landesbank-1-375-21-32,xs2411178630,#NAME?,bayerische-landesbank,1-375-21-32,1.375,21,32
https://www.boerse-frankfurt.de/anleihe/xs2412044567-rwe-ag-0-5-21-28,xs2412044567,#NAME?,rwe-ag,0-5-21-28,0.5,21,28
https://www.boerse-frankfurt.de/anleihe/xs2412044641-rwe-ag-1-21-33,xs2412044641,#NAME?,rwe-ag,1-21-33,1,21,33
https://www.boerse-frankfurt.de/anleihe/xs2443893255-nordea-bank-abp-1-125-22-27,xs2443893255,#NAME?,nordea-bank-abp,1-125-22-27,1.125,22,27
https://www.boerse-frankfurt.de/anleihe/xs2447550620-prologis-international-funding-ii-s-a-2-75-22-32,xs2447550620,#NAME?,prologis-international-funding-ii-s-a,2-75-22-32,2.75,22,32
https://www.boerse-frankfurt.de/anleihe/xs2447550893-prologis-international-funding-ii-s-a-3-22-42,xs2447550893,#NAME?,prologis-international-funding-ii-s-a,3-22-42,3,22,42
https://www.boerse-frankfurt.de/anleihe/xs2468223107-generali-s-p-a-5-8-22-32,xs2468223107,#NAME?,generali-s-p-a,5-8-22-32,5.8,22,32
https://www.boerse-frankfurt.de/anleihe/xs2490472102-orsted-a-s-2-875-22-33,xs2490472102,#NAME?,orsted-a-s,2-875-22-33,2.875,22,33
https://www.boerse-frankfurt.de/anleihe/xs2491189408-a2a-s-p-a-2-5-22-26,xs2491189408,#NAME?,a2a-s-p-a,2-5-22-26,2.5,22,26
https://www.boerse-frankfurt.de/anleihe/xs2491738949-volkswagen-international-finance-n-v-3-75-22-27,xs2491738949,#NAME?,volkswagen-international-finance-n-v,3-75-22-27,3.75,22,27
https://www.boerse-frankfurt.de/anleihe/xs2526835694-raiffeisen-bank-international-ag-4-125-22-25,xs2526835694,#NAME?,raiffeisen-bank-international-ag,4-125-22-25,4.125,22,25
https://www.boerse-frankfurt.de/anleihe/xs2529520715-prologis-international-funding-ii-s-a-3-625-22-30,xs2529520715,#NAME?,prologis-international-funding-ii-s-a,3-625-22-30,3.625,22,30
https://www.boerse-frankfurt.de/anleihe/xs2531569965-orsted-a-s-3-25-22-31,xs2531569965,#NAME?,orsted-a-s,3-25-22-31,3.25,22,31
https://www.boerse-frankfurt.de/anleihe/xs2531570039-orsted-a-s-5-125-22-34,xs2531570039,#NAME?,orsted-a-s,5-125-22-34,5.125,22,34
https://www.boerse-frankfurt.de/anleihe/xs2531570112-orsted-a-s-5-375-22-42,xs2531570112,#NAME?,orsted-a-s,5-375-22-42,5.375,22,42
https://www.boerse-frankfurt.de/anleihe/xs2536364081-citigroup-inc-3-713-22-28,xs2536364081,#NAME?,citigroup-inc,3-713-22-28,3.713,22,28
https://www.boerse-frankfurt.de/anleihe/xs2555201487-kreditanstalt-fuer-wiederaufbau-3-875-22-25,xs2555201487,#NAME?,kreditanstalt-fuer-wiederaufbau,3-875-22-25,3.875,22,25
https://www.boerse-frankfurt.de/anleihe/xs2563353361-orsted-a-s-5-25,xs2563353361,#NAME?,orsted-a-s,,5.25,22,#N/A
https://www.boerse-frankfurt.de/anleihe/xs2572499726-japan-finance-organization-for-municipalities-3-375-23-28,xs2572499726,#NAME?,japan-finance-organization-for-municipalities,3-375-23-28,3.375,23,28
https://www.boerse-frankfurt.de/anleihe/xs2574873183-e-on-se-3-875-23-35,xs2574873183,#NAME?,e-on-se,3-875-23-35,3.875,23,35
https://www.boerse-frankfurt.de/anleihe/xs2584685031-rwe-ag-3-625-23-29,xs2584685031,#NAME?,rwe-ag,3-625-23-29,3.625,23,29
https://www.boerse-frankfurt.de/anleihe/xs2586942448-kreditanstalt-fuer-wiederaufbau-2-75-23-33,xs2586942448,#NAME?,kreditanstalt-fuer-wiederaufbau,2-75-23-33,2.75,23,33
https://www.boerse-frankfurt.de/anleihe/xs2589820294-prologis-international-funding-ii-s-a-4-625-23-35,xs2589820294,#NAME?,prologis-international-funding-ii-s-a,4-625-23-35,4.625,23,35
https://www.boerse-frankfurt.de/anleihe/xs2591026856-orsted-a-s-3-625-23-26,xs2591026856,#NAME?,orsted-a-s,3-625-23-26,3.625,23,26
https://www.boerse-frankfurt.de/anleihe/xs2591032235-orsted-a-s-4-125-23-35,xs2591032235,#NAME?,orsted-a-s,4-125-23-35,4.125,23,35
https://www.boerse-frankfurt.de/anleihe/xs2601459162-siemens-energy-finance-b-v-4-25-23-29,xs2601459162,#NAME?,siemens-energy-finance-b-v,4-25-23-29,4.25,23,29
https://www.boerse-frankfurt.de/anleihe/xs2625196352-intesa-sanpaolo-s-p-a-4-875-23-30,xs2625196352,#NAME?,intesa-sanpaolo-s-p-a,4-875-23-30,4.875,23,30
https://www.boerse-frankfurt.de/anleihe/xs2648498371-iberdrola-finanzas-s-a-3-625-23-33,xs2648498371,#NAME?,iberdrola-finanzas-s-a,3-625-23-33,3.625,23,33
https://www.boerse-frankfurt.de/anleihe/xs2654097927-ds-smith-plc-4-375-23-27,xs2654097927,#NAME?,ds-smith-plc,4-375-23-27,4.375,23,27
https://www.boerse-frankfurt.de/anleihe/xs2655852726-terna-rete-elettrica-nazionale-s-p-a-3-875-23-33,xs2655852726,#NAME?,terna-rete-elettrica-nazionale-s-p-a,3-875-23-33,3.875,23,33
https://www.boerse-frankfurt.de/anleihe/xs2673437484-east-japan-railway-co-4-389-23-43,xs2673437484,#NAME?,east-japan-railway-co,4-389-23-43,4.389,23,43
https://www.boerse-frankfurt.de/anleihe/xs2673547746-e-on-se-4-23-33,xs2673547746,#NAME?,e-on-se,4-23-33,4,23,33
https://www.boerse-frankfurt.de/anleihe/xs2681541327-zf-europe-finance-b-v-6-125-23-29,xs2681541327,#NAME?,zf-europe-finance-b-v,6-125-23-29,6.125,23,29
https://www.boerse-frankfurt.de/anleihe/xs2694872081-volkswagen-leasing-gmbh-4-5-23-26,xs2694872081,#NAME?,volkswagen-leasing-gmbh,4-5-23-26,4.5,23,26
https://www.boerse-frankfurt.de/anleihe/be6343437255-ethias-vie-6-75-23-33,be6343437255,#NAME?,ethias-vie,6-75-23-33,6.75,23,33
https://www.boerse-frankfurt.de/anleihe/fr001400e946-credit-mutuel-arkea-4-25-22-32,fr001400e946,#NAME?,credit-mutuel-arkea,4-25-22-32,4.25,22,32
https://www.boerse-frankfurt.de/anleihe/fr001400icr2-arkea-home-loans-sfh-s-a-3-25-23-33,fr001400icr2,#NAME?,arkea-home-loans-sfh-s-a,3-25-23-33,3.25,23,33
https://www.boerse-frankfurt.de/anleihe/us045167cy77-asian-development-bank-adb-2-125-15-25,us045167cy77,#NAME?,asian-development-bank-adb,2-125-15-25,2.125,15,25
https://www.boerse-frankfurt.de/anleihe/us29874qee08-european-bank-for-reconstruction-and-development-1-5-20-25,us29874qee08,#NAME?,european-bank-for-reconstruction-and-development,1-5-20-25,1.5,20,25
https://www.boerse-frankfurt.de/anleihe/xs1500338618-european-investment-bank-eib-0-5-16-37,xs1500338618,#NAME?,european-investment-bank-eib,0-5-16-37,0.5,16,37
https://www.boerse-frankfurt.de/anleihe/xs1686882298-jujuy-province-of-8-375-17-27,xs1686882298,#NAME?,jujuy-province-of,8-375-17-27,8.375,17,27
https://www.boerse-frankfurt.de/anleihe/xs2177580508-e-on-se-0-875-20-31,xs2177580508,#NAME?,e-on-se,0-875-20-31,0.875,20,31
https://www.boerse-frankfurt.de/anleihe/xs2196328608-enbw-energie-baden-wuerttemberg-ag-1-875-20-80,xs2196328608,#NAME?,enbw-energie-baden-wuerttemberg-ag,1-875-20-80,1.875,20,80
https://www.boerse-frankfurt.de/anleihe/xs2294853697-asian-development-bank-adb-6-21-26,xs2294853697,#NAME?,asian-development-bank-adb,6-21-26,6,21,26
https://www.boerse-frankfurt.de/anleihe/xs2334267098-nederlandse-waterschapsbank-n-v-0-5-21-51,xs2334267098,#NAME?,nederlandse-waterschapsbank-n-v,0-5-21-51,0.5,21,51
https://www.boerse-frankfurt.de/anleihe/xs2343540519-red-electrica-financiaciones-s-a-u-0-5-21-33,xs2343540519,#NAME?,red-electrica-financiaciones-s-a-u,0-5-21-33,0.5,21,33
https://www.boerse-frankfurt.de/anleihe/xs2348241048-raiffeisenbank-a-s-1-21-28,xs2348241048,#NAME?,raiffeisenbank-a-s,1-21-28,1,21,28
https://www.boerse-frankfurt.de/anleihe/xs2353474401-renewi-plc-3-21-27,xs2353474401,#NAME?,renewi-plc,3-21-27,3,21,27
https://www.boerse-frankfurt.de/anleihe/xs2363719050-banca-popolare-di-sondrio-s-p-a-1-25-21-27,xs2363719050,#NAME?,banca-popolare-di-sondrio-s-p-a,1-25-21-27,1.25,21,27
https://www.boerse-frankfurt.de/anleihe/xs2403533263-a2a-s-p-a-1-21-33,xs2403533263,#NAME?,a2a-s-p-a,1-21-33,1,21,33
https://www.boerse-frankfurt.de/anleihe/xs2419364653-european-investment-bank-eib-0-000-21-27,xs2419364653,#NAME?,european-investment-bank-eib,0-000-21-27,0,21,27
https://www.boerse-frankfurt.de/anleihe/xs2472845911-sparebank-1-stlandet-1-75-22-27,xs2472845911,#NAME?,sparebank-1-stlandet,1-75-22-27,1.75,22,27
https://www.boerse-frankfurt.de/anleihe/xs2552369469-redeia-corporacion-s-a-4-625,xs2552369469,#NAME?,redeia-corporacion-s-a,,4.625,23,#N/A
https://www.boerse-frankfurt.de/anleihe/xs2592240712-de-volksbank-n-v-4-875-23-30,xs2592240712,#NAME?,de-volksbank-n-v,4-875-23-30,4.875,23,30
https://www.boerse-frankfurt.de/anleihe/xs2604697891-volkswagen-international-finance-n-v-3-875-23-26,xs2604697891,#NAME?,volkswagen-international-finance-n-v,3-875-23-26,3.875,23,26
https://www.boerse-frankfurt.de/anleihe/xs2613821300-nederlandse-waterschapsbank-n-v-3-23-33,xs2613821300,#NAME?,nederlandse-waterschapsbank-n-v,3-23-33,3,23,33
https://www.boerse-frankfurt.de/anleihe/xs2680046021-mbank-s-a-8-375-23-27,xs2680046021,#NAME?,mbank-s-a,8-375-23-27,8.375,23,27
